{"cameraMode":{"drawMode":0,"name":"Shaded","section":"Shading Mode"},"sceneLighting":true,"audioPlay":false,"sceneViewState":{"showFog":true,"showMaterialUpdate":false,"showSkybox":true,"showFlares":true,"showImageEffects":false,"showParticleSystems":false},"in2DMode":false,"pivot":{"x":1.3678641319274903,"y":0.06155729293823242,"z":-1.0106170177459717},"rotation":{"x":-0.04977693781256676,"y":0.9502211213111877,"z":-0.21629221737384797,"w":-0.21868164837360383},"size":8.533930778503418,"orthographic":false}